-- noinspection SqlNoDataSourceInspectionForFile

INSERT INTO PHONE_BOOK_ENTRY VALUES (1, 'Andy', '+76874238982');
INSERT INTO PHONE_BOOK_ENTRY VALUES (2, 'Denis', '+72383282482');
INSERT INTO PHONE_BOOK_ENTRY VALUES (3, 'Andy', '+79584288982');
INSERT INTO PHONE_BOOK_ENTRY VALUES (4, 'Dan', '+78564238982');
INSERT INTO PHONE_BOOK_ENTRY VALUES (5, 'Sarah', '+79183282482');
INSERT INTO PHONE_BOOK_ENTRY VALUES (6, 'Barbara', '+69284288982');
INSERT INTO PHONE_BOOK_ENTRY VALUES (7, 'Ben', '+39284288982');
INSERT INTO PHONE_BOOK_ENTRY VALUES (8, 'Peter', '+29183282482');
INSERT INTO PHONE_BOOK_ENTRY VALUES (9, 'Sarah', '+79983282482');
INSERT INTO PHONE_BOOK_ENTRY VALUES (10, 'Barbara', '+63284288982');
INSERT INTO PHONE_BOOK_ENTRY VALUES (11, 'Ben', '+39284288982');
INSERT INTO PHONE_BOOK_ENTRY VALUES (12, 'Peter', '+21183282482');
INSERT INTO PHONE_BOOK_ENTRY VALUES (13, 'Andy', '+79584288982');

INSERT INTO USER_TABLE VALUES (1, 'Bill');
INSERT INTO USER_TABLE VALUES (2, 'Sam');
INSERT INTO USER_TABLE VALUES (3, 'Andy');
INSERT INTO USER_TABLE VALUES (4, 'Sarah');

INSERT INTO USER_TABLE_CONTACTS (USER_ID, CONTACTS_ID) VALUES (1, 1);
INSERT INTO USER_TABLE_CONTACTS (USER_ID, CONTACTS_ID) VALUES (1, 2);
INSERT INTO USER_TABLE_CONTACTS (USER_ID, CONTACTS_ID) VALUES (2, 3);
INSERT INTO USER_TABLE_CONTACTS (USER_ID, CONTACTS_ID) VALUES (2, 4);
INSERT INTO USER_TABLE_CONTACTS (USER_ID, CONTACTS_ID) VALUES (2, 5);
INSERT INTO USER_TABLE_CONTACTS (USER_ID, CONTACTS_ID) VALUES (2, 6);
INSERT INTO USER_TABLE_CONTACTS (USER_ID, CONTACTS_ID) VALUES (2, 7);
INSERT INTO USER_TABLE_CONTACTS (USER_ID, CONTACTS_ID) VALUES (3, 8);
INSERT INTO USER_TABLE_CONTACTS (USER_ID, CONTACTS_ID) VALUES (3, 9);
INSERT INTO USER_TABLE_CONTACTS (USER_ID, CONTACTS_ID) VALUES (3, 10);
INSERT INTO USER_TABLE_CONTACTS (USER_ID, CONTACTS_ID) VALUES (3, 11);
INSERT INTO USER_TABLE_CONTACTS (USER_ID, CONTACTS_ID) VALUES (4, 12);
INSERT INTO USER_TABLE_CONTACTS (USER_ID, CONTACTS_ID) VALUES (4, 13);